lat,long,Blk,Original Build Date,Number of Food Stalls,Region,Number of Market Stalls,Name,Description,Address
1.33458936,103.7215199,3,23/3/2005,123,West,57,Taman Jurong Market and Food Centre,"Taman Jurong Market and Food Centre is an amalgamation of  3 hawker centres, namely Corporation Drive Market, Yung Sheng Food Centre and Corporation Drive Food Centre. Comprises 123 cooked food stalls and 57 market stalls.","3, Yung Sheng Road, Singapore 618499"
1.300789315,103.7976258,48A,1964,28,West,89,Tanglin Halt Market,"Built way back in 1964, Tanglin Halt Market is an iconic hawker centre within the Tanglin Halt estate. The hawker centre was given a facelift in 2003, and currently comprises 28 cooked food stalls and 89 market stalls.","48A, Tanglin Halt Road, Singapore 148813"
1.273368283,103.8076268,79,30/5/1977,40,West,0,Telok Blangah Drive Blk 79 (Telok Blangah Food Centre),"Situated directly opposite the Telok Blangah Community Centre, the hawker centre is a convenient location where residents of Telok Blangah can get to enjoy palatable local cuisines at affordable rates from the 40 cooked food stalls.","Blk 79, Telok Blangah Drive, Singapore 100079"
1.273913799,103.8079436,82,30/5/1977,0,West,144,Telok Blangah Drive Blk 82 (Telok Blangah Market),"Built in 1972, the standalone market at Blk 82 Telok Blangah Drive offers a variety of fresh produce where residents can fulfill their marketing needs. Comprises 144 market stalls.","Blk 82, Telok Blangah Drive, Singapore 100082"
1.292342168,103.8311893,70,1976,32,Central,0,Zion Riverside Food Centre,"Located opposite Great World City, Zion Riverside Food Centre boasts a huge reputation even with its relatively small footprint of 32 cooked food stalls. Built since 1976, patrons can find a variety of good food offerings at the centre. Popular with both locals and tourists alike.","70, Zion Road, Singapore 247792"
1.364105171,103.8482542,341,1979,32,North,86,Ang Mo Kio Ave 1 Blk 341 (Teck Ghee Court),"Located in the heart of Teck Ghee estate and opposite Bishan Park, the 32 cooked food stalls and 86 market stalls within the hawker centre remain a popular choice among patrons despite the availability of alternative marketing and dining facilities nearby.  Popular local dishes are whipped up daily to satisfy patrons' desires for good food!","Blk 341, Ang Mo Kio Ave 1, Singapore 560341"
1.284991022,103.8425788,32,1965,87,Central,0,New Market Road Blk 32 (People's Park Food Centre),"Fondly known as People's Park Complex, it is located right in the heart of the bustling Chinatown. It is a favourite haunt for elderly folks to catch up and enjoy a delicious yet affordable meal.  Extremely accessible by bus or MRT. Upgraded in 2005, it has 87 cooked food stalls located on the ground floor. The second and third floors comprise HDB shops selling fabrics, fashion and home wares.","Blk 32, New Market Road, Singapore 050032"
1.324187828,103.9411324,58,27/2/1978,48,East,147,New Upper Changi Road Blk 58,"Comprising a market produce and cooked food section, the hawker centre at Blk 58 New Upper Changi Road was built in 1978 to serve the marketing and dining needs of patrons living in Bedok South. Especially popular during the breakfast and lunch hours.","Blk 58, New Upper Changi Road, Singapore 461058"
1.311892357,103.8395627,500,1971,83,Central,0,Newton Food Centre,"Popular with both locals and tourists alike.  Often rated by foodies as one of the best hawker centres in Singapore, Newton Food Centre is well known for dishes like BBQ Seafood, Hokkien Mee, Po Piah, Satay, Fried Carrot Cake etc.  Extremely crowded during dinner and supper time, this is definitely a hawker centre that you must visit!  Located in the Cairnhill / Newton area and a stone's throw away from Newton MRT.","500, Clemenceau Ave North, Singapore 229495"
1.320648292,103.887019,117,15/9/1978,79,East,82,Aljunied Ave 2 Blk 117 (Blk 117 Aljunied Market and Food Centre),"Next to Geylang East Swimming Complex and other amenities, the hawker centre caters to the marketing and dining needs of the residents at Geylang East. The centre was built in 1978 and comprises 79 cooked food stalls and 82 market stalls.","Blk 117, Aljunied Ave 2, Singapore 380117"
1.362768918,103.8553698,409,31/7/1979,40,North,148,Ang Mo Kio Ave 10 Blk 409 (Teck Ghee Square),"Also known as Teck Ghee Square, it is one of the three hawker centres that are situated along Ang Mo Kio Ave 10. Built in 1979, the hawker centre comprises 40 cooked food stalls and 148 market stalls.","Blk 409, Ang Mo Kio Ave 10, Singapore 560409"
1.302418814,103.8839406,4A,3/1/1969,52,East,53,Jalan Batu Blk 4A (Blk 4A Jalan Batu Hawker Centre/Market),"Built in 1969, Blk 4A Jalan Batu comprises both a market and food section. The centre houses 52 cooked food stalls and 53 market stalls.","Blk 4A, Jalan Batu, Singapore 432004"
1.367230149,103.8399532,226H,30/9/1976,29,North,0,Ang Mo Kio Street 22 Blk 226H (Kebun Baru Food Centre),"Commonly known as Kebun Bahru Food Centre, the food centre was built in 1976 to serve the dining needs of Kebun Baru residents. Comprises 29 cooked food stalls.","Blk 226H, Ang Mo Kio Street 22, Singapore 568226"
1.315028044,103.8716203,17,28/2/1974,84,Central,60,Upper Boon Keng Road Blk 17 (Blk 17 Upper Boon Keng Market and Food Centre),"Upgraded in 2009, the hawker centre at Blk 17 Upper Boon Keng comprises 84 cooked food stalls and 60 market stalls. The hawker centre serves the nearby residential and industrial estates.","Blk 17, Upper Boon Keng Road, Singapore 380017"
1.287330767,103.8183389,85,4/4/1972,96,West,0,Redhill Lane Blk 85 (Redhill Food Centre),"Build in 1972 to complement the market next door, Blk 85 Redhill Lane is a standalone food centre comprising 96 cooked food stalls. A good variety of food can be found within the hawker centre.  Within walking distance from Redhill MRT.","Blk 85, Redhill Lane, Singapore 150085"
1.37238494,103.8289942,590,1974,36,North,0,Sembawang Hills Food Centre (Jalan Leban Food Centre),"Built in 1974, this centre is nestled along Upper Thomson Road and offers a wide variety of food such as Fish / Seafood Soup, Char Kway Teow, Ngoh Hiang, Pasta etc.  The centre comprises 36 cooked food stalls.","590, Upper Thomson Road, Singapore 574419"
1.309414187,103.9018251,271,1974,30,East,0,Dunman Food Centre,"Built in 1974, Dunman Food Centre has since played a vital role in providing resonably-priced cuisines to the residents of Joo Chiat area. Upgraded in 2002, the centre comprises 30 cooked food stalls.","271, Onan Road, Singapore 424768"
1.306684318,103.9350167,1220,1978,63,East,0,East Coast Lagoon Food Village,"Located in the south-eastern part of Singapore, the East Coast Lagoon Food Village offers a tropical resort ambience by the sea and a wide variety of local hawker food at reasonable prices. It is a favourite haunt among sports enthusiasts and families who wish to enjoy a sumptuous meal by the sea. Popular dishes include Satay, BBQ Seafood and Chicken Wings, Zi Char, Wan Ton Noodles, Satay Bee Hoon, Beef Noodles etc.  Rated as one of the food paradises in Singapore!","1220, East Coast Parkway, Singapore 468960"
1.316245731,103.8056364,7,26/3/1976,40,West,68,Empress Road Blk 7 (Empress Road Market and Food Centre),"Built in 1976, the hawker centre at Blk 7 Empress Road comprises 40 cooked food stalls and 72 market stalls. Provides marketing and dining facilities to residents of Farrer estate.","Blk 7, Empress Road, Singapore 260007"
1.320331782,103.9042609,4A,7/7/2000,42,East,71,Eunos Crescent Blk 4A,The hawker centre at Blk 4A Eunos Crescent is located within close proximity to the Eunos MRT station and bus interchange. Its strategic location coupled with a wide variety of food offerings results in high patronage especially during lunch and dinner hours.,"Blk 4A, Eunos Crescent, Singapore 402004"
1.311889721,103.7591661,502,19/1/1995,0,West,68,West Coast Drive Blk 502 (Ayer Rajah Market),"Also known as Ayer Rajah Market, the standalone market is located next to Ayer Rajah Food Centre. One of the last few hawker centres built, construction was completed in 1995 to complement Ayer Rajah Food Centre. There are 68 market stalls at the market to serve the West Coast area.","Blk 502, West Coast Drive, Singapore 120502"
1.31180301,103.7597513,503,26/3/1979,80,West,0,West Coast Drive Blk 503 (Ayer Rajah Food Centre),"Also known as Ayer Rajah Food Centre, the standalone food centre was originally built in 1979.  The centre is located next to Ayer Rajah Market and currently houses 80 cooked food stalls to serve the West Coast area.","Blk 503, West Coast Drive, Singapore 120503"
1.322943062,103.8551377,90,26/8/1976,80,Central,12,Whampoa Drive Blk 90 (Whampoa Drive Makan Place/Whampoa Food Centre),"Known also as Whampoa Drive Makan Place, this is one hawker centre in Singapore which has become inceasingly famous over the years. Patrons can easily find popular stalls serving up excellent dishes to satisfy their palate. Be prepared to wait during peak hours as the premise is packed with diners!","Blk 90, Whampoa Drive, Singapore 320090"
1.323421751,103.8540681,91/92,3/1/1973,52,Central,112,Whampoa Drive Blk 91/92 (Whampoa Drive Makan Place/Whampoa Market),"Known also as Whampoa Drive Makan Place, this is one hawker centre in Singapore which has become inceasingly famous over the years. Patrons can easily find popular stalls serving up excellent dishes to satisfy their palate. Be prepared to wait during peak hours as the premise is packed with diners!","Blk 91/92, Whampoa Drive, Singapore 320091/320092"
1.30739616,103.8841302,17,1959,16,East,78,Kallang Estate Fresh Market and Food Centre,"Located just minutes away from Blk 51 Old Airport Road, the Kallang Estate Fresh Market and Food Centre provides both dining and marketing services for Kallang residents. Built in 1959, the centre comprises 16 cooked food stalls and 78 market stalls.","17, Old Airport Road, Singapore 397972"
1.302285138,103.9063385,84,23/8/1976,55,East,143,Marine Parade Central Blk 84 (84 Marine Parade Central Market and Food Centre),"Located across Parkway Parade Shopping Centre, the hawker centre has been around since 1976. It is popular with patrons throughout the day. A wide variety of local food is available at the hawker centre including Char Kway Teow, Beef Noodles, Economical Rice, Desserts etc.  Comprises 55 cooked food stalls and 143 market stalls.","Blk 84, Marine Parade Central, Singapore 440084"
1.305775148,103.915762,50A,3/3/1975,24,East,87,Marine Terrace Blk 50A (50A Marine Terrace),Built in 1975 to serve the residents living within the Marine Terrace estate. The hawker centre is located just next to the Marine Parade Town Council. Comprises 24 cooked food stalls and 87 market stalls.,"Blk 50A, Marine Terrace, Singapore 441050"
1.381024867,103.8406823,628,31/12/1979,52,North,166,Ang Mo Kio Ave 4 Blk 628 (Ang Mo Kio 628 Market),"Originally built in 1979, the hawker centre is located opposite Yio Chu Kang CC and near schools, temples and residential flats.   After the upgrading in 2010, the rebuilt centre consists of  52 cooked food stalls and 166 market stalls to serve the marketingand dining needs of patrons.","Blk 628, Ang Mo Kio Ave 4, Singapore 560628"
1.303781973,103.7642644,726,29/11/1980,60,West,135,Clementi West Street 2 Blk 726,"Built in 1980, the hawker centre at Blk 726 Clementi West Street 2 consists of 60 cooked food stalls and 135 market stalls. The centre is conveniently located in close proximity to schools, housing estates and shopping complex.","Blk 726, Clementi West Street 2, Singapore 120726"
1.306892276,103.8003628,31,1965,39,West,63,Commonwealth Crescent Market,The 63 market stalls are located on the lower level while the 39 cooked food stalls are located on the upper level of this two-storey market. Built in 1965 to fulfill the marketing and dining needs of residents living in the mature estate of Commonwealth Drive.,"31, Commonwealth Crescent, Singapore 149644"
1.375428967,103.882978,51,2/7/2015,40,North,0,Ci Yuan Hawker Centre,"Built in 2015, Ci Yuan hawker centre is the first to be built since 1985. The hawker centre is located at the 1st storey of Ci Yuan Community Club and comprises of 40 cooked food stalls.  All the stalls are selling different food items and serving at least two items priced at $2.80 or below to ensure food price affordability. Ci Yuan hawker centre also has new facilities to accommodate the needs of different users to create a more pleasant dining experience for all.  These include family-friendly facilities such as child-friendly seating, point-of-sale system and self-payment kiosks.  For more information, please refer to: http://ciyuanhawker.com.sg/","51 Hougang Avenue 9, Singapore 538776"
1.288822102,103.827358,38A,1965,32,Central,62,Beo Crescent Market,"Located near to Tiong Bahru MRT station and PSB Academy, Beo Crescent Market/Food Centre was built in 1965.  The centre serves the mature estate of Havelock and Tiong Bahru area.","38A, Beo Crescent, Singapore 169982"
1.286952752,103.808128,6,11/10/1974,96,Central,48,Jalan Bukit Merah Blk 6 (ABC Brickworks Market/Food Centre),"Fondly known as ABC Brickworks Market, it is within close proximity to Alexandra Food Village and IKEA. The hawker centre, which was built in 1974, is another alternative for the residents of Queenstown and Bukit Merah.  Patrons can find delicious yet affordable hawker fare at the centre.","Blk 6, Jalan Bukit Merah, Singapore 150006"
1.301001465,103.8542116,270,7/8/1978,86,Central,148,Queen Street Blk 270 (Albert Centre),"Strategically located near places of interests like the famous Guan Yin Temple and Bugis Village, the hawker centre is popular with both locals and tourists alike. A wide array of good local cuisines is served by well-known stalls operating at the hawker centre.  The hawker centre is also famous for dried seafood items and textiles, sold at the lock-up stalls withiin the market section.","Blk 270, Queen Street, Singapore 180270"
1.36315712,103.8667375,49A,1957,46,North,36,Serangoon Garden Market,"Within walking distance from the famous Chomp Chomp Food Centre, the spacious Serangoon Garden Market is an alternative food paradise where residents satisfy their palates.  Equipped also with a market produce section, patrons can discover true gems within the centre.  Take a look around and you can't miss those stalls that are highly rated by food gurus!","49A, Serangoon Garden Way, Singapore 555945"
1.352007442,103.8370318,320,25/5/2000,31,North,51,Shunfu Road Blk 320 (Shunfu Mart),"Built in 2000, the hawker centre at Blk 320 Shunfu Road is the last hawker centre to be built. Also known as Shunfu Mart, the centre houses 31 cooked food stalls and 51 market stalls.","Blk 320, Shunfu Road, Singapore 570320"
1.32084835,103.7428916,37A,1/11/1976,28,West,52,Teban Gardens Road Blk 37A (Teban Gardens Market and Food Centre),"Located near Pandan Reservoir, the hawker centre comprises 28 cooked food stalls and 52 market stalls.  Built in 1976 to serve residents staying nearby.","Blk 37A, Teban Garden Road, Singapore 601037"
1.431447688,103.8285376,104/105,31/3/1984,56,North,123,Yishun Ring Road Blk 104/105 (Chong Pang Market and Food Centre),"Built in 1984, the hawker centre comprises 56 cooked food stalls and 123 market stalls. Residents of Chong Pang patronise the centre for its wide selection of local cuisines.","Blk 104/105, Yishun Ring Road, Singapore 760104/760105"
1.372769928,103.8544828,527,24/12/1979,50,North,100,Ang Mo Kio Ave 10 Blk 527 (Cheng San Market and Cooked Food Centre),"Commonly known as Cheng San Market and Cooked Food Centre, Blk 527 Ang Mo Kio Ave 10 is one of the three hawker centres located along Ang Mo Kio Ave 10. The hawker centre was built in 1979 to serve the dining and marketing needs of nearby residents. Upgraded in 2004, it houses 50 cooked food stalls and 100 market stalls.","Blk 527, Ang Mo Kio Ave 10, Singapore 560527"
1.364228523,103.8665361,20,1972,36,North,0,Chomp Chomp Food Centre,"Located in Serangoon Gardens, Chomp Chomp Food Centre is well-known for its vibrant dinner and supper scene. Bustling with diners even till late at night, the 36 cooked food stalls in the small hawker centre serve popular local dishes such as Char Kway Teow, BBQ Chicken Wings, Seafood etc. This Centre attracts food lovers from all over the island.","20, Kensington Park Road, Singapore 557269"
1.343442138,103.7377812,254,30/4/1983,60,West,87,Jurong East Street 24 Blk 254 (Yuhua Village Market and Food Centre),"Located near to the PIE exit (Jurong Town Hall Road), the hawker centre at Blk 254 Jurong East Street 24 serves the marketing and dining needs of residents living in Yuhua Village.  There are 60 cooked food stalls and 87 market produce stalls operating within the hawker centre. Originally built in 1983.","Blk 254, Jurong East Street 24, Singapore 600254"
1.349642243,103.7184475,505,16/1/1985,60,West,130,Jurong West Street 52 Blk 505,"The hawker centre at Blk 505 Jurong West Street 52 was built in 1985.  Located in the heart of the Jurong West estate, the centre serves patrons from the nearby residential flats and schools.  Last upgraded in 2009, the centre comprises a total of 190 stalls - 60 cooked food and 130 market stalls.","Blk 505, Jurong West Street 52, Singapore 640505"
1.324738845,103.9305605,208B,15/11/2014,70,East,0,New Upper Changi Road Blk 208B,"Completed in 2014, this new food centre replaces the hawker centre at Blk 207 Upper Changi Road.  Also know as Bedok Interchange Hawker Centre,  it houses more seating areas for diners, more parking lots at the adjacent multi-storey carpark, and high-volume, low-speed cooling fans to provide patrons a more comfortable and cooler dining experience.  The centre also has NETS cashless payment system implemented at food stalls and free wireless internet connection via Wireless@SG for the convenience of patrons.","Blk 208B, New Upper Changi Road, Singapore 462208"
1.335231459,103.857036,22,2/3/1970,61,Central,59,Toa Payoh Lorong 7 Blk 22 (Kim Keat Palm Market and Food Centre),"Built in 1970, the hawker centre at Blk 22 Lorong 7 Toa Payoh serves the Kim Keat residents and nearby industrial parks. There are 61 cooked food stalls and 59 market stalls in the hawker centre.  Be pampered by delicious hawker fare such as Oyster Omelette, Fishball Noodles, Zi Char etc!","Blk 22, Lorong 7 Toa Payoh, Singapore 310022"
1.368240493,103.8563514,453A,11/4/1979,39,North,113,Ang Mo Kio Ave 10 Blk 453A (Chong Boon Market and Food Centre),"Built in 1979, the hawker centre at Blk 453A Ang Mo Kio Ave 10 consists of 38 cooked food stalls and 184 market stalls.","Blk 453A, Ang Mo Kio Ave 10, Singapore 561453"
1.324134223,103.814165,2,1974,32,Central,0,Adam Road Food Centre,"Built in 1974, Adam Food Centre comprises 32 cooked food stalls.  Although small in size, the hawker centre has a huge reputation.  Popular food offered in the centre includes BBQ Seafood, Nasi Lemak, Prawn Noodles etc.","2, Adam Road, Singapore 289876"
1.280004812,103.8260133,112,1/1/1969,28,West,96,Jalan Bukit Merah Blk 112 (Blk 112 Jalan Bukit Merah Market and Food Centre),"Situated in the mature estate of Jalan Bukit Merah, the hawker centre at Blk 112 Jalan Bukit Merah satisfies both the marketing and dining needs of the residents nearby.","Blk 112, Jalan Bukit Merah, Singapore 160112"
1.372197433,103.8465192,724,31/1/1980,45,North,78,Ang Mo Kio Ave 6 Blk 724 (Blk 724 Ang Mo Kio Market),"Located conveniently in the heart of the bustling Ang Mo Kio Town Centre, the hawker centre is always packed with patrons, especially during the weekends.  Be prepared to queue for your favourite food at popular stalls!","Blk 724, Ang Mo Kio Ave 6, Singapore 560724"
1.306205841,103.850531,665,31/10/1980,119,Central,284,Buffalo Road Blk 665 (Tekka Centre/Zhu Jiao Market),"More commonly known as Tekka Centre, the hawker centre is a popular haunt for marketing and dining needs, especially with the Indian community. An amazing variety of fresh produce is sold at the market.  Built in 1980, it is the second largest hawker centre in Singapore housing more than 400 stalls. An iconic landmark in the Little India area!","Blk 665, Buffalo Road, Singapore 210665"
1.377600535,103.7724896,2,31/7/2015,28,West,45,Bukit Panjang Hawker Centre,"Bukit Panjang Hawker Centre & Market is one of the 10 new centres announced by the Government. Among the 10 centres, it is the second to start operations, after the Hougang Ci Yuan Hawker Centre. Bukit Panjang Hawker Centre & Market has 28 cooked food stalls, 14 market slab stalls and 14 lock-up stalls located on both floors of the two-storeyed building.  It also has a sundry store on the second floor.","2 Bukit Panjang Ring Road, Singapore 679947"
1.341259706,103.6974043,50,28/7/2017,34,West,14,Jurong West Hawker Centre,"Completed in 2017, Jurong West Hawker Centre provides residents a comfortable and clean dining environment with natural ventilation and family-friendly features such as child-friendly toilet facilities and family-friendly seating, as well as tray-return facilities at accessible locations. To ensure affordable meals for the residents, all the stalls are serving at least two items priced at $2.80 or below.","Blk 50, Jurong West St 61, Singapore 648202"
1.317083351,103.879417,49,20/9/1976,66,East,78,Sims Place Blk 49 (Sims Vista Market and Food Centre),"Also known as Sims Vista Market and Food Centre, the hawker centre is nestled within the idyllic Sims Vista estate. Originally built in 1976, the hawker centre was upgraded in 2006 to improve its physical facade and provide a more hygienic environment for both stallholders and patrons alike. 66 cooked food stalls and 78 market stalls serve patrons of the hawker centre.","Blk 49, Sims Place, Singapore 380049"
1.282235148,103.8431776,335,31/5/1983,226,Central,477,Smith Street Blk 335 (Chinatown Complex Market),"Original built in 1983, Blk 335 Smith Street is also commonly known as Chinatown Complex. It is the largest hawker centre in Singapore comprising a total of 703 stalls! After upgrading in 2008, the building has been transformed into an architecture of strong Chinese influence with a modern twist. Situated in the Chinatown area, the centre now comes with better amenities and increased seating capacity. A favourite hang-out place for residents to reminisce good old days while enjoying the wide array of local dishes offered.","Blk 335, Smith Street, Singapore 050335"
1.374489121,103.8392143,160/162,30/6/1981,40,North,84,Ang Mo Kio Ave 4 Blk 160/162 (Mayflower Market),"Commonly known as Mayflower Market, the hawker centre was built in 1981. It comprises 40 cooked food stalls and 84 market stalls to serve the marketing and dining needs of residents.","Blk 160/162, Ang Mo Kio Ave 4, Singapore 560160/560162"
1.345639521,103.9446245,137,30/11/1982,45,East,99,Tampines Street 11 Blk 137 (Tampines Round Market and Food Centre),"Blk 137 Tampines Street 11 is the only hawker centre in the Tampines area. Also commonly known as Tampines Round Market due to the unique circular shape of the hawker centre, it was built in 1982 to fulfill the marketing and dining needs of the resident in Tampines Town. Comprises 45 cooked food stalls and 99 market stalls. The hawker centre was voted by readers of Shin Min Daily as their favourite hawker centre for 2 years running (2008-2009) in the City Hawker Food Hunt contest.","Blk 137, Tampines Street 11, Singapore 521137"
1.439932832,103.8006964,676,8/5/2017,43,North,0,Kampung Admiralty Hawker Centre,"Built in 2017, the Kampung Admiralty Hawker Centre is a communal dining space which allows patrons to feast on Singapore’s favourite street food while learning the cultural diversity of our local food.  The centre consists of 43 cooked food stalls.  The centre features natural ventilation, family-friendly features, such as child-friendly toilet facilities.","Blk 676, Woodlands Drive 71, Singapore 730676"
1.277366838,103.8186417,11,19/10/1974,56,West,77,Telok Blangah Crescent Blk 11 (11 Telok Blangah Crescent Market and Food Centre),"The hawker centre was built in 1974 to serve the dining and marketing needs of residents living in the Telok Blangah area.  After its facelift in 2009, the upgraded centre boasts enhanced features such as ramps and wider circulation spaces for the physically challenged and elderly patrons.","Blk 11, Telok Blangah Crescent, Singapore 090011"
1.2852464,103.8458189,531A,28/1/1978,103,Central,40,Upper Cross Street Blk 531A (Hong Lim Food Centre and Market),"Also known as Hong Lim Food Centre, the hawker centre is famous for dishes such as Bak Ku Teh, Crayfish Hor Fun, Curry Chicken Noodles, Fish Head Bee Hoon etc. Expect to see long queues at different stalls, especially during lunch hours. Apart from the 103 cooked food stalls, the hawker centre also has 40 market stalls to serve the needs of the residents in the vicinity.","Blk 531A, Upper Cross Street, Singapore 051531"
1.285504783,103.8220494,115,29/3/1973,84,West,167,Bukit Merah View Blk 115 (Blk 115 Bukit Merah View Market and Food Centre),"Built in 1973, the hawker centre comprises 84 cooked food stalls and 167 market produce stalls. Located in Henderson area and near to office buildings, schools and residential flats, it is one of the largest hawker centres in Bukit Merah.","Blk 115, Bukit Merah View, Singapore 151115"
1.314367728,103.7708367,353,26/1/1978,18,West,96,Clementi Ave 2 Blk 353 (Clementi Ave 2 Market/Cooked Food Centre),"Built in 1978, the hawker centre has evolved into a focal point for residents to dine and engage in social bonding. Blk 353 Clementi Ave 2 comprises 18 cooked food stalls and 96 market stalls.","Blk 353, Clementi Ave 2, Singapore 120353"
1.37343414,103.951543,110,16/10/2017,42,East,0,Pasir Ris Central Hawker Centre,"Completed in Jan 2018, Pasir Ris Central Hawker Centre is a centre which houses 42 cooked food stalls across two levels. On the ground floor, 20 cooked food stalls will serve a variety of local hawker fare, while on the upper floor there will be 22 cooked food stalls serving modern cuisines. Along with a family dining area with child-friendly tables and chairs, and handicap friendly access, this centre also offers cashless payments.","Blk 110, Pasir Ris Central, Singapore 519641"
1.336038822,103.8529416,75,5/2/1968,36,Central,0,Toa Payoh Lorong 5 Blk 75,"Built in 1968, this standalone food centre at Blk 75 Lorong 5 Toa Payoh comprises 36 cooked food stalls.","Blk 75, Lorong 5 Toa Payoh, Singapore 310075"
1.32146226,103.8700044,69,16/1/1974,84,East,127,Geylang Bahru Blk 69 (Blk 69 Geylang Bahru Market and Food Centre),"Located near amenities such as swimming pool, industrial parks, commercial shops and residential estates, Blk 69 Geylang Bahru is a focal point where patrons get to enjoy local hawker fare at affordable prices. The hawker centre was built in 1974 and houses 84 cooked food stalls cum 127 market stalls.","Blk 69, Geylang Bahru, Singapore 330069"
1.359119422,103.8859776,209,30/9/1983,65,North,118,Hougang Street 21 Blk 209 (Kovan Hougang Market and Food Centre),"Conveniently situated in the heartlands of Kovan, the hawker centre at Blk 209 Hougang Street 21 is minutes away from Kovan MRT. Built in 1983, the centre houses 65 cooked food stalls and 118 market stalls. Be prepared to queue for your favourite dish at the popular cooked food stalls within the hawker centre!","Blk 209, Hougang Street 21, Singapore 530209"
1.308117759,103.7927738,44,31/1/1999,45,West,61,Holland Drive Blk 44 (Holland Drive Market and Food Centre),"One of the last hawker centres to be built, Blk 44 Holland Drive has been serving the needs of residents since 1999. The two-storey hawker centre houses a market at the lower level and a food centre on the upper level. Conveniently located within walking distance from the Buona Vista MRT station.","Blk 44, Holland Drive, Singapore 270044"
1.310908028,103.7948629,1,Pre-War,21,West,48,Holland Village Market and Food Centre,"Situated right in the heart of Holland Village, the hawker centre was built in the pre-war years. One of the hawker centres with the longest history in Singapore! Surrounded by restaurants and bistros, the hawker centre remains a popular choice for patrons with its offering of affordable hawker fare. Comprises 21 cooked food stalls and 48 market stalls.","1, Lorong Mambong, Singapore 277700"
1.353837391,103.8900811,105,30/6/1982,51,North,120,Hougang Ave 1 Blk 105 (Hougang 105 Hainanese Village Centre),"Also known as Hougang 105 Hainanese Village Centre, the hawker centre underwent a major facelift in 2005. A very popular hawker centre in the Hougang area, especially during the weekends. Serving the needs of both the residents of Lorong Ah Soo as well as the industrial area across at Defu Lane, there are currently 51 cooked food stalls and 120 market stalls within the centre.","Blk 105, Hougang Ave 1, Singapore 530105"
1.316159914,103.8502251,41A,18/12/1981,50,Central,74,Cambridge Road Blk 41A (Pek Kio Market and Food Centre),"More commonly known as Pek Kio Market and Food Centre, the hawker centre was built in 1981 to serve residents staying nearby.  The centre was upgraded in 2003 and currently houses 50 cooked food stalls and 74 market stalls. Many stalls offer delicious yet suprisingly affordable dishes. Get ready for a gastronomic experience!","Blk 41A, Cambridge Road, Singapore 211041"
1.389151721,103.9882457,2&3,12/11/1975,87,East,50,Changi Village Blk 2 and 3,"Located at the eastern end of Singapore near to Changi Point Ferry Terminal and Changi Beach, the popular hawker centre draws food lovers from all over the island. Be wowed by the great variety of  hawker fare available e.g. Nasi Lemak, BBQ Seafood, Fried Wan Ton Noodles etc.  Built in 1975, this centre comprises 87 cooked food stalls and 50 market stalls.","Blk 2/3, Changi Village Road, Singapore 500002/500003"
1.331987069,103.9387326,85,30/6/1977,72,East,170,Bedok North Street 4 Blk 85 (85 Fengshan Centre),"A popular supper destination for night owls from all over the island.  The hawker centre features a wide array of hawker fare such as Bak Chor Mee, Porridge, BBQ Chicken Wings and Seafood, Fried Oysters etc.  Definitely a favourite haunt for the sleepless!","Blk 85, Bedok North Street 4, Singapore 460085"
1.283692589,103.8169924,163,5/5/1980,57,West,0,Bukit Merah Central Blk 163 (Bukit Merah Central Food Centre),"Located in the heart of Bukit Merah Central, the food centre consists of 57 cooked food stalls. Extremely well liked by office executives working in the vicinity, the centre bustles with activity during lunch hours. Popular dishes include Ngoh Hiang, Chicken Rice, Teochew Porridge, Fish Soup, Char Kway Teow and Goreng Pisang. Be prepared to be spoilt for choice!","Blk 163, Bukit Merah Central, Singapore 150163"
1.276614611,103.843167,6,18/4/1977,52,Central,108,Tanjong Pagar Plaza Blk 6 (Blk 6 Tanjong Pagar Plaza Market and Food Centre),"Located near the Tanjong Pagar Plaza, the hawker centre serves some of the locals' favourite dishes such as Hainanese Chicken Rice, Curry Fish Head and Seafood Soup. Built in 1977, the centre has 52 cooked food stalls and 108 market stalls to serve the needs of the patrons.","Blk 6, Tanjong Pagar Plaza, Singapore 081006"
1.327849561,103.8871285,80,1/9/1967,16,East,43,Circuit Road Blk 80 (80 Circuit Road Market and Food Centre),"Built in 1967, the hawker centre at Blk 80 Circuit Road comprises 16 cooked food stalls and 43 market stalls. One of the three hawker centres serving the residents living in the vicinity of Circuit Road.","Blk 80, Circuit Road, Singapore 370080"
1.281595643,103.8489737,5,24/5/2017,53,Central,0,Market Street Interim Hawker Centre,Due to the redevelopment of Market Street Food Centre (Golden Shoe Carpark) an interim hawker centre has been built to ensure continuity of stallholders' business and availability of affordable food options for patrons in the vicinity.  The interim centre commenced operations on 1 Aug 2017.,"5, Cross Street, Singapore 048148"
1.366787645,103.8392313,226D,13/10/1976,10,North,101,Ang Mo Kio Ave 1 Blk 226D (Kebun Baru Market and Food Centre),"Located next to a food centre, the hawker centre at Block 226D Ang Mo Kio Ave 1 serves the marketing and dining needs of residents living in the Kebun Baru area. The centre was upgraded in 2010 and consists predominantly of market stalls.","Blk 226D, Ang Mo Kio Ave 1, Singapore 564226"
1.279218443,103.8466068,,1983,134,Central,1,Amoy Street Food Centre (Telok Ayer Food Centre),"Built in 1983, the two-storey food centre is located within the central business district.  Housing many well-known stalls, the centre has evolved into a favourite lunch venue for executives working near Shenton Way. Be spoilt by the choice of hawker fare at affordable prices!","National Development Building, Annex B, Telok Ayer Street, Singapore 069111"
1.320552165,103.9355391,16,12/5/1975,64,East,154,Bedok South Road Blk 16,"Located near schools, factories and housing estates in the Bedok South area, this hawker centre is an accessible hotspot for patrons looking for an economical meal.","Blk 16, Bedok South Road, Singapore 460016"
1.307336517,103.856854,166,1975,66,Central,0,Berseh Food Centre,"Located along Jalan Besar Road, Berseh Food Centre houses 66 cooked food stalls. Built in 1975, the food centre presents an added nostalgic flavour with the rows of meticulously restored pre-war shophouses surrounding it.","166, Jalan Besar, Singapore 208877"
1.345223163,103.7127998,221A/B,2/1/1976,72,West,94,Boon Lay Place Blk 221A/B (Boon Lay Place Market and Food Village),"Located beside Boon Lay Shopping Centre, the hawker centre at Blk 221A/B Boon Lay Place provides marketing and dining amenities for residents living in Boon Lay. Built in 1976, the centre comprises 72 cooked food stalls and 94 market stalls.","Blk 221A/B, Boon Lay Place, Singapore 641221/642221"
1.286297772,103.8044893,120,14/9/1978,88,West,0,Bukit Merah Lane 1 Blk 120 (Alexandra Village Food Centre),"Opposite the Queenstown Shopping Centre, the hawker centre, also commonly known as Alexandra Food Village, is home to a number of ""yummylicious"" local dishes such as Chicken Rice, Claypot Laksa, Bak Ku Teh etc.","Blk 120, Bukit Merah Lane, Singapore 150120"
1.305765378,103.863891,861,1973,37,Central,82,North Bridge Road Market,Originally built in 1973 as a two-storey building. North Bridge Road Market was converted into a single-storey hawker centre after its upgrading in 2005. The centre now comprises 37 cooked food stalls and 82 market stalls.,"861, North Bridge Road, Singapore 198783"
1.308251563,103.8858332,51,17/2/1973,168,East,54,Old Airport Road Blk 51 (51 Old Airport Road Food Centre and Shopping Mall),"The renowned Blk 51 Old Airport Road is famed for its excellent yet affordable food. Built in 1973, it consists of 168 cooked food stalls on the ground level and 54 lock-up stalls on the second level. The large number of cooked food stalls serve up an amazing array of cuisines, from local hawker fare to international food. Get thrilled by the gastronomic experience offered by the numerous stalls!","Blk 51, Old Airport Road, Singapore 390051"
1.326449922,103.8850435,79/79A,31/3/1971,106,East,0,Circuit Road Blk 79/79A,"Built in 1971, the hawker centre is sited beside the Pelton Canal in Paya Lebar. One of the three hawker centres at Ciruit Road, the centre comprises 106 cooked food stalls. After upgrading in 2010, a new outdoor refreshment area has been added to provide a unique alfresco dining experience to patrons.","Blk 79/79A, Circuit Road, Singapore 370079/371079"
1.382387558,103.8924032,,2022,0,,0,Buangkok Hawker Centre,,
1.443881817,103.7772032,20/21,15/9/1975,52,North,112,Marsiling Lane Blk 20/21,"Built in 1975, the hawker centre at Blk 20/21 Marsiling Road houses 52 cooked food stalls and 112 market stalls.  Upgraded in 2009.","Blk 20/21, Marsiling Lane, Singapore 730020/730021"
1.433538857,103.7797849,4,8/11/2017,70,North,0,Marsiling Mall Hawker Centre,"Built in 2017, and located close to the heart of Woodlands, Marsiling Mall Hawker Centre offers residents convenient access to a variety of good and affordable hawker food. This hawker centre is also situated adjacent to Woodlands Sports Centre, bringing hawker food to the doorstep of sports facility users.","Blk 4,Woodlands St 12,Singapore 738623"
1.280112235,103.8448279,1,1935,103,Central,0,Maxwell Food Centre (Kim Hua Market),"Maxwell Food Centre began its roots in 1935. One of the iconic hawker centres in Singapore, the food centre now consists of 103 cooked food stalls. Popular hawker fare such as Chicken Rice, Tapioca Kueh, Porridge, Desserts and more can be found here.","1, Kadayanallur Street, Singapore 069184"
1.293236221,103.8029039,159,12/10/1970,47,West,66,Mei Chin Road Blk 159 (Mei Chin Road Market),"Built in 1970 to serve the Mei Ling estate, the hawker centre at Blk 159 Mei Chin Road was upgraded in 2009 to improve circulation space and ventilation. Comprises 47 cooked food stalls and 66 market stalls.","Blk 159, Mei Chin Road, Singapore 140159"
1.339375964,103.775995,51,1975,84,West,95,Bukit Timah Market,"Located along Upper Bukit Timah Road, the two-storey hawker centre was built in 1975 and was upgraded in 2003. A popular hawker centre serving the dining and marketing needs of residents living around Toh Yi Drive. Well-known for the variety of hawker fare, the centre is usually packed with patrons during peak hours. Comprises 84 cooked food stalls and 94 market stalls.","51, Upper Bukit Timah Road, Singapore 588215"
1.285088258,103.8323488,30,,83,West,259,Tiong Bahru Market,"Located in one of the oldest and most charming neighbourhoods, Tiong Bahru Market was built in 1950 as a single-storey centre.  The centre merged with Blk 84 and 84A Lim Liak Street during the upgrading in 2006, and was converted into a three-storey building: market stalls on the ground floor, cooked food stalls on the second floor and a carpark on the third. It is the fourth largest hawker centre in Singapore with 259 market stalls and 83 cooked food stalls! Well-known for the many popular stalls within the centre.","30, Seng Poh Road, Singapore 168898"
1.338092686,103.8447316,127,11/3/1969,40,Central,108,Toa Payoh Lorong 1 Blk 127 (Toa Payoh West Market and Food Court),"Built in 1969, the two-storey hawker centre comprises 40 cooked food stalls and 108 market stalls. Well-known for hawker fare such as Chicken Rice, Hokkien Mee etc, the hawker centre serves both the dining and marketing needs of Toa Payoh residents.","Blk 127, Lorong 1 Toa Payoh, Singapore 310127"
1.334548165,103.8519991,74,9/9/1968,10,Central,80,Toa Payoh Lorong 4 Blk 74 (Toa Payoh Vista Market),"Built in 1968, the hawker centre at Blk 74 Lorong 4 Toa Payoh comprises 10 cooked food stalls and 80 market stalls. Located near to Toa Payoh central and HDB Hub.","Blk 74, Lorong 4 Toa Payoh, Singapore 310074"
1.338474752,103.8495135,93,19/7/1967,28,Central,32,Toa Payoh Lorong 4 Blk 93,"Built in 1967, the hawker centre at Blk 93 Lorong 4 Toa Payoh comprises 28 cooked food stalls and 32 market stalls. Originally a double-storey building, the centre was converted to a single-storey one after upgrading in 2009.","Blk 93, Lorong 4 Toa Payoh, Singapore 310093"
1.323445253,103.8854492,89,1/9/1967,41,East,92,Circuit Road Blk 89,"Built in 1967, the hawker centre at Blk 89 Circuit Road comprises 40 cooked food stalls and 93 market stalls. One of the three hawker centres serving the residents living in the vicinity of Circuit Road.","Blk 89, Circuit Road, Singapore 370089"
1.31326487,103.7645105,448,12/1/1980,51,West,105,Clementi Ave 3 Blk 448,"Located in the town centre of Clementi, the hawker centre at Blk 448 Clementi Ave 3 is within walking distance from Clementi MRT station and the bus interchange. Good food offerings and its strategic location make the centre popular with diners.","Blk 448, Clementi Ave 3, Singapore 120448"
1.299713305,103.7978755,1A/2A/3A,16/11/1981,40,West,0,Commonwealth Drive Blk 1A/2A/3A (Tanglin Halt Food Centre/Commonwealth Drive Food Centre),"Nestled within the established Tanglin Halt estate, the food centre was originally built in 1981. The three hexagonal blocks retain their unique shape after upgrading in 2009. A total of 40 cooked food stalls is housed within the centre.","Blk 1A/ 2A/ 3A, Commonwealth Drive, Singapore 140001/140002/140003"
1.333159248,103.9140539,630,30/6/1982,36,East,75,Bedok Reservoir Road Blk 630,"Located within walking distance from the Eunos Community Club, the centre is a convenient place which meets the dining and marketing needs of residents living at Bedok Reservoir Road. Upgraded in 2006, it houses 36 cooked food stalls and 75 market stalls.","Blk 630, Bedok Reservoir Road, Singapore 470630"
1.319216998,103.8630214,29,17/3/1971,88,Central,105,Bendemeer Road Blk 29 (Bendemeer Market and Food Centre),"Just a few minutes away from Boon Keng MRT station, the hawker centre is very popular with the nearby residents as well as the workers at Kallang Bahru Industrial Estate because of its location and affordable local cuisines.","Blk 29, Bendemeer Road, Singapore 330029"
1.315142051,103.8956095,13/14,30/7/1977,72,East,146,Haig Road Blk 13/14 (Haig Road Market and Cooked Food Centre),"Built in 1977, the hawker centre at Blk 13/14 Haig Road is easily visible from Changi Road. Comprising 72 cooked food stalls and 146 market stalls, its ideal location as well as the wide selection of affordable hawker fare have attracted many residents and working professionals around the vicinity.","Blk 13/14, Haig Road, Singapore 430013/430014"
1.28797544,103.8296268,22A/B,16/11/1969,30,Central,0,Havelock Road Blk 22A/B (Havelock Road Cooked Food Centre),"Built in 1969, the standalone hawker centre located in the Havelock area comprises 30 cooked food stalls. It was upgraded in 2007.","Blk 22A/B, Havelock Road, Singapore 161022/162022"
1.425017638,103.8447476,51,3/7/2017,45,Central,0,Yishun Park Hawker Centre,"Built in 2017, the hawker centre at Yishun Park consists of 45 cooked food stalls and allows patrons of all ages to enjoy affordable food in a pleasant dining environment.  The centre features natural ventilation, family-friendly features, such as child-friendly toilet facilities and family-friendly seating, and built-in tray-return facilities at accessible locations.","Blk 51, Yishun Avenue 11, Singapore 768867"
1.353862118,103.9397262,51,6/8/2016,42,East,0,Our Tampines Hub,"Built in 2016, the hawker centre at Our Tampines Hub (OTH) consists of 42 cooked food stalls and allows patrons of all ages to enjoy affordable food in a pleasant dining environment.  Located at the 1st storey of OTH, the naturally ventilated hawker centre is designed to be family-friendly with features such as child-friendly toilet facilities and family-friendly seating. It is also designed with built-in tray return facilities at accessible locations to allow patrons to return their trays with ease.  Being the first 24-hour hawker centre in Tampines, it provides residents with all-day affordable dining options.","Blk 51, Tampines Ave 4, Singapore 529684"
1.391592327,103.8770605,21,2020,0,,0,Fernvale Hawker Centre,,
1.408189969,103.9048057,,2021,0,,0,Punggol Town Hub Hawker Centre,,
1.355214571,103.7418258,,2024,0,,0,Bukit Batok Hawker Centre,,
1.449216606,103.8223992,,2020,0,,0,Bukit Canberra Hawker Centre,,
1.414566886,103.9082528,,2023,0,,0,Punggol Digital District Hawker Centre,,
1.396914176,103.8884896,339,2021,0,,0,Anchorvale Village Hawker Centre,,
1.28442485,103.8501646,50,2021,0,,0,Market Street Hawker Centre,,
1.387122263,103.7612629,,2021,0,,0,Bukit Panjang North Hawker Centre,,
1.288230555,103.8399459,1,21/1/1969,21,Central,0,Jalan Kukoh Blk 1 (Kukoh 21 Food Centre),"Built in 1969, Blk 1 Jalan Kukoh used to consist of both a market and food section. After upgrading in 2010, the centre was converted to a food centre with 21 cooked food stalls.","Blk 1, Jalan Kukoh, Singapore 161001"
1.297485671,103.8047152,38A,2020,0,,0,Dawson Hawker Centre,,
1.339796136,103.8720902,202C,2021,0,,0,Woodleigh Village Hawker Centre,,
1.275907525,103.7914027,121,1978,45,West,0,Pasir Panjang Food Centre,"Situated along Pasir Panjang Road and near to industrial estates, the food centre comprises 45 cooked food stalls and serves a variety of hawker fare including BBQ Seafood and Zi Char. Built in 1978.","121, Pasir Panjang Road, Singapore 118543"
1.302875481,103.8638832,505,1975,112,Central,111,Golden Mile Food Centre,"Home to lock-up stalls selling army stuff, Golden Mile Food Centre is a ""must go"" place if you are looking for affordable army / camping equipment. The food section located at the first and second levels definitely does not pale in comparison. It offers well-known local and international cuisines by 111 cooked food stalls. Fanciful food selection at great prices!","505, Beach Road, Singapore 199583"
1.34531247,103.7315797,347,17/10/1984,56,West,169,Jurong East Ave 1 Blk 347 (Yuhua Market and Hawker Centre),"Located near to the PIE exit (Jurong Town Hall Road), the hawker centre at Blk 347 Jurong East Ave 1 is popular with residents living in the area. A wide variety of food and market produce is offered at the hawker centre by the 56 cooked food stalls and 169 market stalls. It was built in 1984 to cater to the dining and marketing needs of residents.","Blk 347, Jurong East Ave 1, Singapore 600347"
1.287858103,103.8184026,79,1/1/1969,0,West,122,Redhill Lane Blk 79 (Redhill Market),"Built in 1969, the standalone market offers a variety of fresh market produce to serve the needs of Redhill residents. The centre was upgraded in 2005 and comprises 122 market stalls.  Within walking distance from Redhill MRT.","Blk 79, Redhill Lane, Singapore 150079"
1.320356008,103.9554742,1,1971,32,East,0,Bedok Food Centre,"Located at the corner of Upper East Coast Road, Bedok Food Centre is a favourite haunt for residents in the vicinity and army personnel from nearby barracks. Upgraded in 2005, the fa?ade resembles that of an old Malay ""kampong"" house. Famous for hawker fare such as Hokkien Mee, Desserts, Malay Dishes and more, the hawker centre houses 32 cooked food stalls.","1, Bedok Road, Singapore 469572"
1.327062409,103.9332215,216,21/8/1979,82,East,114,Bedok North Street 1 Blk 216,"Built in 1979, the hawker centre at Blk 216 Bedok North Street 1 comprises 82 cooked food stalls and 114 market stalls. A stone's throw away from Bedok Town Centre.","Blk 216, Bedok North Street 1, Singapore 460216"
1.333246279,103.9306021,511,16/3/1979,42,East,83,Bedok North Street 3 Blk 511 (Kaki Bukit 511 Market and Food Centre),"Built in 1979, the hawker centre at Blk 511 Bedok North Street 3 comprises 42 cooked food stalls and 83 market stalls to serve both the dining and marketing needs of residents living in the Kaki Bukit area. Be pampered by the wide selection of hawker fare!  Crowded during dinner and supper hours.","Blk 511, Bedok North Street 3, Singapore 460511"
1.331781251,103.9248442,538,30/4/1979,42,East,134,Bedok North Street 3 Blk 538,"Built in 1979, the hawker centre at Blk 538 Bedok North Street 3 comprises 42 cooked food stalls and 134 market stalls. One of the popular hawker centres in the Bedok area.","Blk 538, Bedok North Street 3, Singapore 460538"
1.272715797,103.8221173,36,29/10/1975,32,West,103,Telok Blangah Rise Blk 36 (Telok Blangah Rise Market),"Located near the scenic Mount Faber Park, the hawker centre has been serving the dining and marketing needs of residents in the vicinity since the 1970s.","Blk 36, Telok Blangah Rise, Singapore 090036"
1.316728148,103.8982243,,3/7/2009,63,East,302,Geylang Serai Market,"One of the most popular hawker centres in Singapore, especially with the Malay community! The hawker centre was upgraded in 2009 and currently comprises 63 cooked food stalls and 302 market stalls. Its design, which was conceived after close consultations with grassroots and stallholders, is reminiscent of rural Malay architecture. It is the third biggest hawker centre in Singapore based on stall count.","1, Geylang Serai, Singapore 402001"
1.310996273,103.7882307,20,24/1/1977,72,West,158,Ghim Moh Road Blk 20,"Built in 1977, the hawker centre is famous for its wide spread of offerings such as Char Kway Teow, Chicken Rice, Soya Bean Drinks etc. 72 cooked food stalls and 158 market stalls at the hawker centre serve Ghim Moh  residents daily.","Blk 20, Ghim Moh Road, Singapore 270020"
1.340260835,103.8543953,210,27/8/1974,80,Central,77,Toa Payoh Lorong 8 Blk 210,"Built in 1974, this hawker centre houses 80 cooked food stalls and 77 market stalls. One of the largest hawker centres in the Toa Payoh vicinity.","Blk 210, Lorong 8 Toa Payoh, Singapore 310210"
