Name,long,lat
Jalan Pelatok Open Space,103.960857,1.346175008
Turnhouse Park,103.978979,1.389904019
Coney Island Park,103.923131,1.409913016
Stratton Walk Playground,103.866967,1.379237005
Leban Park,103.829073,1.372761003
Kew Drive Playground,103.951754,1.320710015
Harvey Crescent Playground,103.955192,1.34065899
Poh Huat Road Playground,103.881611,1.366937017
Lentor Street Playground,103.834277,1.390098002
Lilac Drive Playground,103.861151,1.381099011
Mei Hwan Drive Playground,103.863473,1.353350016
Chuan Green Playground,103.866008,1.360480011
Begonia Road Playground,103.863388,1.387856976
Fudu Walk Playground,103.837234,1.38983501
Countryside Playground,103.838591,1.390064987
Jalan Pari Burong Playground,103.946938,1.333849008
St. Nicholas View Playground,103.832785,1.371626001
Waringin Park Playground,103.919179,1.323023001
Tai Keng Place Playground,103.884842,1.345032012
Parry Road Playground,103.877504,1.366028984
Garden View Playground,103.865669,1.360425013
Jalan Naung Playground,103.892822,1.369562983
Lentor Walk Playground,103.838383,1.388631003
Mariam Way Playground,103.966205,1.361952005
Mariam Walk Playground,103.968547,1.359547029
Thomson Green Playground,103.832623,1.378692011
Surin Avenue Neighbourhood Park,103.884109,1.355558014
Chiltern Drive Interim Park,103.862006,1.348558987
Kew Crescent Playground,103.948586,1.319187992
Lentor Green Playground,103.837056,1.385285989
Nim Crescent Open Space,103.866841,1.383079989
Colchester Grove Open Space,103.867454,1.357585001
Tavistock Avenue Park,103.865358,1.370206987
Elite Terrace Park,103.924306,1.315599016
Jalan Selaseh Playground,103.873382,1.385602002
Jalan Geneng Interim Park,103.880875,1.35333802
Kampong Glam Park,103.862996,1.302445014
Clover Way Playground,103.845965,1.350138
Marine Parade Road Park,103.908132,1.304896993
Butterfly Avenue Playground,103.877337,1.334434001
Marymount Terrace Playground,103.840365,1.348953004
Carmichael Road Playground,103.863115,1.342621999
Greenridge Crescent Playground,103.765763,1.334280003
Fulton Avenue Playground,103.833535,1.362119006
Savoy Park Playground,103.769989,1.333437999
Eng Kong Place Fitness Corner,103.767247,1.334739008
Pandan Reservoir Fitness Corner,103.748696,1.317551006
Bukit Timah Nature Reserve,103.774033,1.353198982
one-north Park: Mediapolis,103.7928295,1.294938345
Lakeside Grove Fitness Corner,103.71716,1.33980401
Westwood Park Playground,103.701048,1.351771995
Cashew Road Playground,103.764668,1.370600005
Chu Yen Playground,103.759016,1.358640009
Hillview Crescent Playground,103.761025,1.355361008
Sunset Way Playground,103.766406,1.326788002
Jurong Lake Gardens,103.731161,1.336056618
one-north Park: Fusionopolis North,103.7906345,1.301002038
Taman Mas Merah Playground,103.76476,1.308750999
Cashew Link Playground,103.768925,1.371359006
Hindhede Nature Park,103.776007,1.350204005
Faber Hill Playground,103.757976,1.319766997
Burgundy Crescent Playground,103.760905,1.33982702
Lorong Kemunchup Playground,103.760959,1.360420016
Dairy Farm Nature Park,103.773908,1.362712994
Chestnut Drive Playground,103.76883,1.367634014
Sunset Way Park,103.764779,1.327695
Pavilion Park Playground,103.751977,1.372285989
West Coast Green Playground,103.75636,1.315559997
Jalan Dermawan Playground,103.758606,1.360638981
one-north Park: Rochester East,103.7891622,1.305581227
Jurong Central Park,103.707876,1.338017009
Faber Height Open Space,103.757668,1.322503996
West Coast Place Playground,103.75845,1.314253978
Westville Playground,103.698636,1.354237007
Villa Verde Park,103.751411,1.38954898
Bukit Batok Nature Park,103.765472,1.347543998
Chestnut Close Playground,103.773357,1.369270011
Upper Seletar Reservoir Park,103.805724,1.399749013
Thong Soon Green Playground,103.818446,1.40003199
Springleaf Avenue Playground,103.822384,1.400870986
The Southern Ridges,103.804834,1.279877003
Tiong Bahru Park,103.824027,1.287617008
Clementi Woods Park,103.767617,1.298934008
Jalan Mas Puteh Playground,103.762027,1.308994994
West Coast Park,103.763,1.296153299
one-north Park: Fusionopolis South,103.7907213,1.299613028
Cashew Crescent Fitness Corner Playground,103.769495,1.372245015
Fuyong Interim Park,103.768537,1.357409008
Choa Chu Kang Park,103.748433,1.389138992
Hazel Park Open Space,103.763645,1.371635019
Jalan Mas Kuning Playground,103.763606,1.307808002
Sunset Heights Open Space,103.768868,1.327945017
Almond Crescent Playground,103.771884,1.373215009
Phoenix Heights Playground,103.75724,1.375890034
Lakeside Grove Playground,103.718594,1.340072984
one-north Park: Rochester West,103.7880294,1.3061131
Yunnan Park,103.692902,1.337484986
Bukit Batok Town Park,103.75607,1.357360984
Jalan Remaja Interim Park,103.760776,1.357578001
Parry Avenue Interim Park,103.881278,1.364073012
Mei Hwan Crescent Playground,103.861743,1.352767004
Pebble Garden,103.829489,1.450638017
Kranji Nature Trail,103.733834,1.444350989
Sembawang Park,103.836845,1.461502986
Sengkang Riverside Park,103.884326,1.399447988
Brooks Park,103.822723,1.405584127
Punggol Waterway Park,103.904815,1.410997022
Platina Road Playground,103.826119,1.42754499
Springleaf Nature Park,103.8174687,1.401158977
Kranji Reservoir Park,103.740057,1.438805993
Kandis Garden,103.835674,1.456222013
Windsor Nature Park,103.8269462,1.36002981
Punggol Park,103.898646,1.376939012
Lower Seletar Reservoir Park,103.832171,1.409974
Springleaf Garden Playground,103.822322,1.398038984
Admiralty Park,103.7820589,1.444170424
Yishun Pond Park,103.839487,1.427596994
Jalan Rasok Park,103.759039,1.41651199
Goodlink Park Playground,103.825351,1.427281004
Yishun Park,103.84261,1.424376002
Lower Peirce Reservoir Park,103.826296,1.369065012
Punggol Waterway,103.915405,1.402232999
Marsiling Park,103.769934,1.437633018
Pulau Ubin and Chek Jawa,103.96542,1.408689993
Kent Ridge Park,103.790319,1.284353007
Sistersâ€™ Islands Marine Park,103.8348056,1.214058333
Telok Blangah Hill Park,103.810545,1.278845007
HortPark,103.8014812,1.278630653
Raffles Place Park,103.851335,1.284243997
Hong Lim Park - Speakers' Corner,103.846578,1.286639004
Mount Batten Rd/Old Airport Rd Open Space,103.883301,1.305734008
Wilkinson Interim Park,103.887304,1.301571987
Bunga Rampai Park,103.884275,1.340453023
Handy Road Open Space,103.847775,1.298971001
Kitchener Green Playground,103.859533,1.307304997
Penang Road Open Space,103.841238,1.300096994
National Orchid Garden,103.813894,1.312670009
Eng Kong Garden Playground,103.769163,1.336924017
Sennett Avenue Open Space,103.939424,1.318784989
Interim Park At Lengkong Enam,103.914737,1.32736399
Pesari Walk Playground,103.953982,1.324428004
Changi Heights Playground,103.972157,1.362848014
Jalan Senang Playground,103.915658,1.328995983
Telok Kurau Park,103.914286,1.315365007
Sunrise Place Playground,103.8566,1.386942983
Seletar Terrace Playground,103.86872,1.381468003
Upper Peirce Reservoir Park,103.811353,1.374509013
Tai Hwan Terrace Playground,103.860395,1.356359004
Woodlands Town Park East,103.779226,1.436523996
Sungei Buloh Wetland Reserve,103.7354694,1.440211094
Tamarind Road Playground,103.860192,1.389702008
Woodlands Waterfront Park,103.780115,1.452700003
Ellington Square Playground,103.83453,1.372002011
Thrift Drive Open Space,103.883247,1.343887005
Cactus Road Playground,103.852236,1.390109003
Serenade Walk Playground,103.83456,1.379920993
Gelenggang Park,103.829858,1.373476017
Park Villas Terrace Playground,103.880039,1.368981997
Jalan Kemuning Park,103.826964,1.439358011
Sunrise Terrace Open Space,103.856121,1.38825799
Sunrise Close Playground,103.85751,1.387012006
Thomson Walk Playground,103.832499,1.375997005
Mimosa Road Playground,103.862974,1.384262002
Chartwell Drive Park,103.863872,1.359630997
Springside Park,103.820607,1.405671984
Florissa Park Playground,103.835072,1.386954014
Kranji Marshes,103.719891,1.420227004
Janggus Garden,103.836984,1.45754
Ann Siang Hill Park,103.846119,1.280437996
Duxton Plain Park,103.841419,1.281121993
Yishun Neighbourhood Park,103.835077,1.437621993
Tanah Puteh Park,103.931431,1.315872975
Jalan Pari Dedap Playground,103.94388,1.333020981
Jalan Limau Kasturi Playground,103.946385,1.323983001
Dew Garden,103.871065,1.39926599
Sunrise Way Playground,103.856752,1.387661981
Jalan Kelichap Playground,103.881825,1.346781994
Interim Park at Terang Bulan Avenue,103.921577,1.321632986
Sunbird Circle Playground,103.958234,1.339039003
Jalan Pelatok Playground,103.960344,1.346094999
Jalan Limau Kasturi Open Space,103.946228,1.324284005
Changi East Boardwalk,103.986344,1.391794026
Teacher's Estate Playground,103.8292,1.381991984
East Coast Terrace Park,103.923806,1.310996001
Singapore Botanic Gardens,103.816251,1.311047991
Labrador Nature Reserve,103.803133,1.265760987
Sembawang Hot Spring Park,103.8226469,1.434169007
Sennett Avenue Playground,103.936212,1.317013002
Lucky Gardens Playground,103.941376,1.319287002
Bedok Town Park,103.9208701,1.334335434
Lentor Grove Playground,103.838321,1.38637898
Telok Kurau Lorong N Park,103.912805,1.310324992
Dedap Place Playground,103.868413,1.38779799
Chuan Walk Playground,103.867553,1.357221983
Bedok Reservoir Park,103.92681,1.339094002
Jalan Riang Playground,103.867396,1.347108987
Changi West Boardwalk,103.975878,1.390043988
Cheng Soon Garden Playground,103.771683,1.335886008
Jalan Tekukor Playground,103.766776,1.346138019
Namly Park,103.796581,1.323298993
Novena Rise Park,103.842728,1.324838011
Hooper Road Playground,103.843204,1.312399003
Chwee Chian Playground,103.788954,1.279206998
Esplanade Park,103.853597,1.289417001
Bishan-Ang Mo Kio Park,103.847295,1.361455989
Arthur Park,103.888214,1.303381003
one-north Park: Biopolis,103.790368,1.304278005
Katong Park,103.886367,1.297175002
Meyer Road Playground,103.894197,1.298568993
Thomson Road Playground,103.843852,1.316152985
Jacob Ballas Children's Garden,103.8179182,1.320695493
Jupiter Road Playground,103.825161,1.358270003
Gentle Drive Playground,103.840699,1.320361006
Goldhill Avenue Playground,103.833174,1.321132982
Pasir Panjang Park,103.792076,1.275698999
Lorong 40 Geylang Playground,103.889369,1.313650016
Telok Ayer Park,103.846687,1.278177998
Aljunied Park,103.879963,1.329138016
Jambol Place Park,103.790185,1.279026005
Pearl's Hill City Park,103.839541,1.282380991
Oasis@Mulberry Park,103.878436,1.33232501
Haig Walk,103.90074,1.306519
Jalan Pintau Playground,103.839945,1.354035993
Joo Chiat Terrace Interim Park,103.901699,1.314407999
Orchid Village Playground,103.801713,1.335704011
Clementi Crescent Playground,103.77326,1.323103989
Pemimpin Place Playground,103.84272,1.353370004
Soo Chow Walk Playground,103.832028,1.353646967
Highgate Walk Playground,103.765984,1.340515987
Island Gardens Walk Playground,103.828439,1.361998996
MacRitchie Reservoir Park,103.83359,1.341522989
Marina Promenade,103.864679,1.290572001
Ang Mo Kio Town Garden East,103.850286,1.370571
Holland Grove View Fitness Corner,103.782779,1.312482992
Sixth Avenue Playground,103.791281,1.322436017
War Memorial Park,103.854818,1.292824997
Beng Wan Road Playground,103.865835,1.323805979
Henry Park,103.783106,1.316234998
River Valley Road / Clemenceau Avenue Open Space,103.844915,1.293089996
Ang Mo Kio Town Garden West,103.842887,1.374025014
Mayfair Park,103.780895,1.341395989
Guillemard Road Open Space,103.892397,1.31455099
Thomson Park Estate Interim Park,103.834035,1.356556988
Bangsawan Park,103.923838,1.321207995
Eastwood Park Playground,103.957616,1.32311502
Watten Heights Playground,103.808987,1.331702984
Grove Lane Playground,103.784206,1.313763009
Carpmael Road Open Space,103.898952,1.311502006
Orchard Fountain Corner,103.837611,1.301587003
Holland Village Park,103.795544,1.31173
Waterboat House Garden,103.853473,1.287320006
Rowell Road Open Space,103.854849,1.308422003
Youth Olympic Park,103.860639,1.288489996
Greenwood Crescent Playground,103.805487,1.335506016
Berlayer Creek,103.802693,1.272364992
Kim Pong Park,103.829977,1.283845008
Novena Park,103.842813,1.322312979
Golden Rise Playground,103.764869,1.336324018
Lembu Road Open Space,103.854776,1.309758997
Hoover Park,103.77304,1.343862985
Tanjong Katong Road South Playground,103.897322,1.300174003
Jalan Kebaya Playground,103.780246,1.314115017
Shelford Road Playground,103.810509,1.328344008
Malcolm Park,103.827058,1.322987012
The Foothills Fort Canning Park,103.845691,1.292257993
MacPherson Linear Park,103.881706,1.333798002
Ganges Avenue Open Space,103.831798,1.290759993
Chempaka Avenue Playground,103.875616,1.331874009
Geylang East Park,103.887659,1.321771988
Fort Canning Park,103.846609,1.291778004
Changi Beach Park,104.001675,1.38340099
Jalan Chempaka Kuning Playground,103.950168,1.329746017
Saraca Road Playground,103.858758,1.385943002
Mimosa Walk Playground,103.86146,1.383104999
Mera Terrace Playground,103.963506,1.347404006
Jalan Angin Laut Playground,103.956225,1.337183986
Sunrise Drive Playground 2,103.855252,1.39030102
Lentor Road Playground,103.837572,1.38829201
Pasir Ris Park,103.952173,1.378684022
Loyang View Playground,103.965637,1.363039002
Jalan Buloh Perindu Playground,103.919384,1.308482998
Tanah Merah Playground,103.946876,1.329029004
Luxus Hills Park,103.875186,1.379492003
Banyan Villas Playground,103.838826,1.38725001
Taman Kembangan Playground,103.914402,1.325003012
Jalan Limau Manis Playground,103.949048,1.324727987
Richards Avenue Park,103.882129,1.360928988
Lorong Tanggam Park,103.873848,1.399035028
Bougainvillea Park,103.807658,1.326716006
Holland Green Playground,103.782814,1.32686098
North Bridge Garden,103.862146,1.304108993
Istana Park,103.843839,1.299264003
Toa Payoh Town Park,103.847968,1.330579994
Kim Seng Park,103.834957,1.292839996
Mount Sinai Plain Playground,103.781222,1.315709015
Thomson Park,103.834364,1.35429099
Holland Grove View Playground,103.78123,1.312950986
Dhoby Ghaut Green,103.845882,1.298343008
Mount Emily Park,103.847462,1.304497996
Kallang Riverside Park,103.866979,1.305787006
Empress Place,103.851957,1.286823994
Mount Faber Park,103.818222,1.275281008
East Coast Park,103.920605,1.303169006
Limau Garden Playground,103.950773,1.322453001
Meragi Road Playground,103.960283,1.344383007
Realty Park Playground,103.889832,1.367302019
Pasir Ris Town Park,103.952378,1.371689995
Bedok Ria Crescent Playground,103.953082,1.327417001
Coronation Park Playground,103.7964,1.32202599
The Inglewood Playground,103.830174,1.361013983
Duchess Park,103.805479,1.324289989
Clover Crescent Playground,103.844622,1.351061996
Binchang Rise Playground,103.843548,1.348673983
Taman Permata Park,103.835175,1.350155996
Hua Guan Crescent Playground,103.78506,1.337011004
Central Catchment Nature Reserve,103.805474,1.377304974
Siang Kuang Avenue Interim Park,103.87305,1.329720994
Somme Road Playground,103.858152,1.311484011
Stamford Green,103.848861,1.295716995
King's Drive  Playground,103.806056,1.31911
University Road Park,103.817666,1.325451997
Greenleaf View Park Playground,103.788076,1.322288011
Chestnut Nature Park,103.7808374,1.370971567
Telok Ayer Green,103.847644,1.281465007
Mayflower Crescent Playground,103.839569,1.372718013
Sunrise Drive Playground 1,103.85737,1.388305972
Elias Terrace Playground,103.941094,1.372190016
Kew Avenue Playground,103.948451,1.321627004
Greenfield Drive Playground,103.917656,1.313034992
Sun Plaza Park,103.944482,1.359264023
Changi Point Ferry Terminal,103.987296,1.391226001
Shangri-La Playground,103.832392,1.371020982
Opera Estate Football Field,103.924456,1.32010101
Lentor Vale Playground,103.836146,1.388054016
Limau Villas Playground,103.950395,1.323851998
Paya Lebar Crescent Open Space,103.883569,1.348967012
Mugliston Park Playground,103.877906,1.385445983
Sungei Api Api Park,103.945667,1.378732994
Yio Chu Kang Gardens Playground,103.837487,1.380681008
Tampines Eco Green,103.94869,1.363914991
Mimosa Terrace Playground,103.86045,1.384050001
Neram Crescent Playground,103.865744,1.385589014
Changi Point Waterfront Park,103.988089,1.390647001
Aida Park,103.927927,1.319380003
Tai Keng Gardens Playground,103.884998,1.346071008
Realty Park,103.8903645,1.367963662
Changi Point Promenade,103.98919,1.390172013
Aroozoo Avenue Playground,103.885955,1.35519602
St. Anne's Wood Playground,103.903736,1.391640001
Bedok Terrace Playground,103.94749,1.325534002
